time,pos_x,pos_y,pos_z,rot_x,rot_y,rot_z
36.92319,0,1.244464,2.80571,317.9775,178.6655,282.6833
36.92787,0,1.244464,2.80571,317.9775,178.6655,282.6833
36.93155,0,1.244464,2.80571,317.9775,178.6655,282.6833
36.93745,0,1.244464,2.80571,317.9775,178.6655,282.6833
36.94178,0,1.244464,2.80571,318.0507,178.6637,282.6845
36.9452,0,1.244464,2.80571,318.0507,178.6637,282.6845
36.94854,0,1.244464,2.80571,318.0507,178.6637,282.6845
36.95141,0,1.244464,2.80571,318.0507,178.6637,282.6845
36.95498,0,1.244464,2.80571,318.0507,178.6637,282.6845
36.95886,0,1.244464,2.80571,318.0507,178.6637,282.6845
36.96211,0,1.244464,2.80571,317.9775,178.6655,282.6833
36.96551,0,1.244464,2.80571,317.9775,178.6655,282.6833
36.96884,0,1.244464,2.80571,317.9775,178.6655,282.6833
36.97268,0,1.244464,2.80571,317.9775,178.6655,282.6833
36.97599,0,1.244464,2.80571,317.9775,178.6655,282.6833
36.97892,0,1.244464,2.80571,317.9775,178.6655,282.6833
36.98201,0,1.244464,2.80571,318.0501,178.6193,282.6489
36.98603,0,1.244464,2.80571,318.0501,178.6193,282.6489
36.99011,0,1.244464,2.80571,318.0501,178.6193,282.6489
36.99473,0,1.244464,2.80571,318.0501,178.6193,282.6489
36.99944,0,1.244464,2.80571,318.0501,178.6193,282.6489
37.0065,0,1.244464,2.80571,317.9775,178.6655,282.6833
37.01051,0,1.244464,2.80571,317.9775,178.6655,282.6833
37.01395,0,1.244464,2.80571,317.9775,178.6655,282.6833
37.01721,0,1.244464,2.80571,317.9775,178.6655,282.6833
37.02064,0,1.244464,2.80571,317.9775,178.6655,282.6833
37.02446,0,1.244464,2.80571,317.9775,178.6655,282.6833
37.02758,0,1.244464,2.80571,317.9775,178.6655,282.6833
37.03056,0,1.244464,2.80571,317.9775,178.6655,282.6833
37.0336,0,1.244464,2.80571,317.9775,178.6655,282.6833
37.03727,0,1.244464,2.80571,317.9775,178.6655,282.6833
37.04065,0,1.244464,2.80571,317.9775,178.6655,282.6833
37.04434,0,1.244464,2.80571,317.9775,178.6655,282.6833
37.0494,0,1.244464,2.80571,317.9775,178.6655,282.6833
37.05297,0,1.244464,2.80571,317.9775,178.6655,282.6833
37.05665,0,1.244464,2.80571,317.9775,178.6655,282.6833
37.06076,0,1.244464,2.80571,318.0501,178.6193,282.6489
37.06575,0,1.244464,2.80571,318.0501,178.6193,282.6489
37.07084,0,1.244464,2.80571,318.0501,178.6193,282.6489
37.07523,0,1.244464,2.80571,318.0501,178.6193,282.6489
37.07928,0,1.244464,2.80571,318.0501,178.6193,282.6489
37.08496,0,1.244464,2.80571,318.0501,178.6193,282.6489
37.08926,0,1.244464,2.80571,318.0501,178.6193,282.6489
37.09267,0,1.244464,2.80571,318.0501,178.6193,282.6489
37.09595,0,1.244464,2.80571,318.0501,178.6193,282.6489
37.09974,0,1.244464,2.80571,318.0501,178.6193,282.6489
37.10299,0,1.244464,2.80571,318.0507,178.6637,282.6845
37.10756,0,1.244464,2.80571,318.0507,178.6637,282.6845
37.11055,0,1.244464,2.80571,318.0507,178.6637,282.6845
37.11392,0,1.244464,2.80571,318.0507,178.6637,282.6845
37.11737,0,1.244464,2.80571,318.0507,178.6637,282.6845
37.12058,0,1.244464,2.80571,317.9769,178.6212,282.6476
37.12571,0,1.244464,2.80571,317.9769,178.6212,282.6476
37.13036,0,1.244464,2.80571,317.9769,178.6212,282.6476
37.13563,0,1.244464,2.80571,317.9769,178.6212,282.6476
37.1391,0,1.244464,2.80571,317.9769,178.6212,282.6476
37.14217,0,1.244465,2.80571,317.9775,178.6655,282.6833
37.14595,0,1.244465,2.80571,317.9775,178.6655,282.6833
37.14908,0,1.244465,2.80571,317.9775,178.6655,282.6833
37.15228,0,1.244465,2.80571,317.9775,178.6655,282.6833
37.15573,0,1.244465,2.80571,317.9775,178.6655,282.6833
37.15883,0,1.244465,2.80571,317.9775,178.6655,282.6833
37.16262,0,1.244464,2.80571,317.9775,178.6655,282.6833
37.16606,0,1.244464,2.80571,317.9775,178.6655,282.6833
37.16917,0,1.244464,2.80571,317.9775,178.6655,282.6833
37.17295,0,1.244464,2.80571,317.9775,178.6655,282.6833
37.17698,0,1.244464,2.80571,317.9775,178.6655,282.6833
37.18106,0,1.244464,2.80571,317.9775,178.6655,282.6833
37.18731,0,1.244464,2.80571,317.9775,178.6655,282.6833
37.19112,0,1.244464,2.80571,317.9775,178.6655,282.6833
37.19522,0,1.244464,2.80571,317.9775,178.6655,282.6833
37.19906,0,1.244464,2.80571,317.9775,178.6655,282.6833
37.20251,0,1.244464,2.80571,317.9775,178.6655,282.6833
37.20677,0,1.244464,2.80571,317.9775,178.6655,282.6833
37.20992,0,1.244464,2.80571,317.9775,178.6655,282.6833
37.21327,0,1.244464,2.80571,317.9775,178.6655,282.6833
37.21646,0,1.244464,2.80571,317.9775,178.6655,282.6833
37.21964,0,1.244464,2.80571,317.9775,178.6655,282.6833
37.22385,0,1.244464,2.80571,318.0507,178.6637,282.6845
37.22725,0,1.244464,2.80571,318.0507,178.6637,282.6845
37.23019,0,1.244464,2.80571,318.0507,178.6637,282.6845
37.23314,0,1.244464,2.80571,318.0507,178.6637,282.6845
37.23706,0,1.244464,2.80571,318.0507,178.6637,282.6845
37.24051,0,1.244464,2.80571,317.9775,178.6655,282.6833
37.24435,0,1.244464,2.80571,317.9775,178.6655,282.6833
37.24942,0,1.244464,2.80571,317.9775,178.6655,282.6833
37.25273,0,1.244464,2.80571,317.9775,178.6655,282.6833
37.25643,0,1.244464,2.80571,317.9775,178.6655,282.6833
37.26019,0,1.244465,2.80571,317.9775,178.6655,282.6833
37.26415,0,1.244464,2.80571,317.9775,178.6655,282.6833
37.26717,0,1.244464,2.80571,317.9775,178.6655,282.6833
37.27178,0,1.244464,2.80571,317.9775,178.6655,282.6833
37.27637,0,1.244464,2.80571,317.9775,178.6655,282.6833
37.28221,0,1.244464,2.80571,317.9769,178.6212,282.6476
37.28662,0,1.244464,2.80571,317.9769,178.6212,282.6476
37.29028,0,1.244464,2.80571,317.9769,178.6212,282.6476
37.29336,0,1.244464,2.80571,317.9769,178.6212,282.6476
37.29634,0,1.244464,2.80571,317.9769,178.6212,282.6476
37.2999,0,1.244464,2.80571,317.9769,178.6212,282.6476
37.30313,0,1.244465,2.80571,317.9775,178.6655,282.6833
37.30752,0,1.244464,2.80571,317.9775,178.6655,282.6833
37.31086,0,1.244464,2.80571,317.9775,178.6655,282.6833
37.31379,0,1.244464,2.80571,317.9775,178.6655,282.6833
37.3177,0,1.244464,2.80571,317.9775,178.6655,282.6833
37.32032,0,1.244464,2.80571,317.9775,178.6655,282.6833
37.32557,0,1.244464,2.80571,317.9775,178.6655,282.6833
37.32986,0,1.244464,2.80571,317.9775,178.6655,282.6833
37.33561,0,1.244464,2.80571,317.9775,178.6655,282.6833
37.33955,0,1.244464,2.80571,317.9775,178.6655,282.6833
37.3427,0,1.244464,2.80571,317.9775,178.6655,282.6833
37.34663,0,1.244464,2.80571,317.9775,178.6655,282.6833
37.34969,0,1.244464,2.80571,317.9775,178.6655,282.6833
37.3526,0,1.244464,2.80571,317.9775,178.6655,282.6833
37.35638,0,1.244464,2.80571,317.9775,178.6655,282.6833
37.35941,0,1.244464,2.80571,317.9775,178.6655,282.6833
37.36258,0,1.244464,2.80571,317.9775,178.6655,282.6833
37.36611,0,1.244464,2.80571,317.9775,178.6655,282.6833
37.369,0,1.244464,2.80571,317.9775,178.6655,282.6833
37.3723,0,1.244464,2.80571,317.9775,178.6655,282.6833
37.37555,0,1.244464,2.80571,317.9775,178.6655,282.6833
37.37937,0,1.244464,2.80571,317.9775,178.6655,282.6833
37.38245,0,1.244464,2.80571,317.9775,178.6655,282.6833
37.38628,0,1.244464,2.80571,317.9775,178.6655,282.6833
37.39008,0,1.244464,2.80571,317.9775,178.6655,282.6833
37.39418,0,1.244464,2.80571,317.9775,178.6655,282.6833
37.40018,0,1.244464,2.80571,317.9775,178.6655,282.6833
37.40415,0,1.244464,2.80571,317.9775,178.6655,282.6833
37.41431,0,1.244464,2.80571,317.9775,178.6655,282.6833
37.41681,0,1.244464,2.80571,317.9775,178.6655,282.6833
37.41998,0,1.244464,2.80571,317.9775,178.6655,282.6833
37.42361,0,1.244464,2.80571,318.0507,178.6637,282.6845
37.42729,0,1.244464,2.80571,318.0507,178.6637,282.6845
37.43069,0,1.244464,2.80571,318.0507,178.6637,282.6845
37.43384,0,1.244464,2.80571,318.0507,178.6637,282.6845
37.43692,0,1.244464,2.80571,318.0507,178.6637,282.6845
37.44114,0,1.244464,2.80571,317.9775,178.6655,282.6833
37.44552,0,1.244464,2.80571,317.9775,178.6655,282.6833
37.45059,0,1.244464,2.80571,317.9775,178.6655,282.6833
37.45345,0,1.244464,2.80571,317.9775,178.6655,282.6833
37.45785,0,1.244464,2.80571,317.9775,178.6655,282.6833
37.46109,0,1.244464,2.80571,317.9775,178.6655,282.6833
37.46453,0,1.244464,2.80571,317.9775,178.6655,282.6833
37.46741,0,1.244464,2.80571,317.9775,178.6655,282.6833
37.47179,0,1.244464,2.80571,317.9775,178.6655,282.6833
37.47644,0,1.244464,2.80571,317.9775,178.6655,282.6833
37.47979,0,1.244464,2.80571,317.9775,178.6655,282.6833
37.48298,0,1.244464,2.80571,317.9775,178.6655,282.6833
37.48771,0,1.244464,2.80571,317.9775,178.6655,282.6833
37.49174,0,1.244464,2.80571,317.9775,178.6655,282.6833
37.49602,0,1.244464,2.80571,317.9775,178.6655,282.6833
37.49939,0,1.244464,2.80571,317.9775,178.6655,282.6833
37.50646,0,1.244464,2.80571,317.9775,178.6655,282.6833
37.51154,0,1.244464,2.80571,317.9775,178.6655,282.6833
37.51679,0,1.244464,2.80571,317.9775,178.6655,282.6833
37.51987,0,1.244464,2.80571,317.9775,178.6655,282.6833
37.52477,0,1.244464,2.80571,317.9775,178.6655,282.6833
37.52836,0,1.244464,2.80571,317.9775,178.6655,282.6833
37.53131,0,1.244464,2.80571,317.9775,178.6655,282.6833
37.53465,0,1.244464,2.80571,317.9775,178.6655,282.6833
37.53802,0,1.244464,2.80571,317.9775,178.6655,282.6833
37.5414,0,1.244464,2.80571,317.9775,178.6655,282.6833
37.54486,0,1.244464,2.80571,317.9775,178.6655,282.6833
37.54875,0,1.244464,2.80571,317.9775,178.6655,282.6833
37.55274,0,1.244464,2.80571,317.9775,178.6655,282.6833
37.55692,0,1.244464,2.80571,317.9775,178.6655,282.6833
37.55998,0,1.244464,2.80571,317.9775,178.6655,282.6833
37.56327,0,1.244464,2.80571,318.0507,178.6637,282.6845
37.56704,0,1.244464,2.80571,318.0507,178.6637,282.6845
37.57,0,1.244464,2.80571,318.0507,178.6637,282.6845
37.5733,0,1.244464,2.80571,318.0507,178.6637,282.6845
37.57628,0,1.244464,2.80571,318.0507,178.6637,282.6845
37.57982,0,1.244464,2.80571,318.0507,178.6637,282.6845
37.58282,0,1.244464,2.80571,318.0507,178.6637,282.6845
37.58642,0,1.244464,2.80571,318.0507,178.6637,282.6845
37.59066,0,1.244464,2.80571,318.0507,178.6637,282.6845
37.59523,0,1.244464,2.80571,318.0507,178.6637,282.6845
37.60144,0,1.244464,2.80571,317.9775,178.6655,282.6833
37.60553,0,1.244464,2.80571,317.9775,178.6655,282.6833
37.6088,0,1.244464,2.80571,317.9775,178.6655,282.6833
37.61212,0,1.244464,2.80571,317.9775,178.6655,282.6833
37.61501,0,1.244464,2.80571,317.9775,178.6655,282.6833
37.6185,0,1.244464,2.80571,317.9775,178.6655,282.6833
37.62232,0,1.244464,2.80571,318.0507,178.6637,282.6845
37.6259,0,1.244464,2.80571,318.0507,178.6637,282.6845
37.62945,0,1.244464,2.80571,318.0507,178.6637,282.6845
37.63246,0,1.244464,2.80571,318.0507,178.6637,282.6845
37.63534,0,1.244464,2.80571,318.0507,178.6637,282.6845
37.6385,0,1.244464,2.80571,318.0507,178.6637,282.6845
37.64216,0,1.244464,2.80571,317.9775,178.6655,282.6833
37.64572,0,1.244464,2.80571,317.9775,178.6655,282.6833
37.65097,0,1.244464,2.80571,317.9775,178.6655,282.6833
37.6542,0,1.244464,2.80571,317.9775,178.6655,282.6833
37.65917,0,1.244464,2.80571,317.9775,178.6655,282.6833
37.66198,0,1.244464,2.80571,317.9769,178.6212,282.6476
37.66543,0,1.244464,2.80571,317.9769,178.6212,282.6476
37.6685,0,1.244464,2.80571,317.9769,178.6212,282.6476
37.67158,0,1.244464,2.80571,317.9769,178.6212,282.6476
37.67573,0,1.244464,2.80571,317.9769,178.6212,282.6476
37.6795,0,1.244464,2.80571,317.9769,178.6212,282.6476
37.68489,0,1.244464,2.80571,317.9775,178.6655,282.6833
37.69022,0,1.244464,2.80571,317.9775,178.6655,282.6833
37.69334,0,1.244464,2.80571,317.9775,178.6655,282.6833
37.69656,0,1.244464,2.80571,317.9775,178.6655,282.6833
37.69978,0,1.244464,2.80571,317.9775,178.6655,282.6833
37.70269,0,1.244464,2.80571,317.9775,178.6655,282.6833
37.70706,0,1.244464,2.80571,317.9775,178.6655,282.6833
37.71017,0,1.244464,2.80571,317.9775,178.6655,282.6833
37.7135,0,1.244464,2.80571,317.9775,178.6655,282.6833
37.71674,0,1.244464,2.80571,317.9775,178.6655,282.6833
37.71991,0,1.244464,2.80571,317.9775,178.6655,282.6833
37.72462,0,1.244464,2.80571,317.9775,178.6655,282.6833
37.72931,0,1.244464,2.80571,317.9775,178.6655,282.6833
37.73491,0,1.244464,2.80571,317.9775,178.6655,282.6833
37.73933,0,1.244464,2.80571,317.9775,178.6655,282.6833
37.74224,0,1.244464,2.80571,317.9775,178.6655,282.6833
37.74575,0,1.244464,2.80571,317.9775,178.6655,282.6833
37.74902,0,1.244464,2.80571,317.9775,178.6655,282.6833
37.75253,0,1.244464,2.80571,317.9775,178.6655,282.6833
37.75636,0,1.244464,2.80571,317.9775,178.6655,282.6833
37.75959,0,1.244464,2.80571,317.9775,178.6655,282.6833
37.7629,0,1.244464,2.80571,317.9775,178.6655,282.6833
37.76641,0,1.244464,2.80571,317.9775,178.6655,282.6833
37.76995,0,1.244464,2.80571,317.9775,178.6655,282.6833
37.77321,0,1.244464,2.80571,317.9775,178.6655,282.6833
37.77633,0,1.244464,2.80571,317.9775,178.6655,282.6833
37.77923,0,1.244464,2.80571,317.9775,178.6655,282.6833
37.78218,0,1.244464,2.80571,317.9775,178.6655,282.6833
37.78651,0,1.244464,2.80571,317.9775,178.6655,282.6833
37.79045,0,1.244464,2.80571,317.9775,178.6655,282.6833
37.79475,0,1.244464,2.80571,317.9775,178.6655,282.6833
37.80082,0,1.244464,2.80571,317.9775,178.6655,282.6833
37.80476,0,1.244464,2.80571,317.9775,178.6655,282.6833
37.80804,0,1.244464,2.80571,317.9775,178.6655,282.6833
37.81123,0,1.244464,2.80571,317.9775,178.6655,282.6833
37.8147,0,1.244464,2.80571,317.9775,178.6655,282.6833
37.81861,0,1.244464,2.80571,317.9775,178.6655,282.6833
37.82259,0,1.244464,2.80571,317.9775,178.6655,282.6833
37.82657,0,1.244464,2.80571,317.9775,178.6655,282.6833
37.83045,0,1.244464,2.80571,317.9775,178.6655,282.6833
37.83451,0,1.244464,2.80571,317.9775,178.6655,282.6833
37.8376,0,1.244464,2.80571,317.9775,178.6655,282.6833
37.84069,0,1.244464,2.80571,317.9775,178.6655,282.61
37.84417,0,1.244464,2.80571,317.9775,178.6655,282.61
37.84783,0,1.244464,2.80571,317.9775,178.6655,282.61
37.85273,0,1.244464,2.80571,317.9775,178.6655,282.61
37.85608,0,1.244464,2.80571,317.9775,178.6655,282.61
37.86003,0,1.244464,2.80571,317.9769,178.6212,282.6476
37.86508,0,1.244464,2.80571,317.9769,178.6212,282.6476
37.86889,0,1.244464,2.80571,317.9769,178.6212,282.6476
37.8745,0,1.244464,2.80571,317.9769,178.6212,282.6476
37.87865,0,1.244464,2.80571,317.9769,178.6212,282.6476
37.88165,0,1.244464,2.80571,317.9775,178.6655,282.6833
37.88511,0,1.244464,2.80571,317.9775,178.6655,282.6833
37.8883,0,1.244464,2.80571,317.9775,178.6655,282.6833
37.89165,0,1.244464,2.80571,317.9775,178.6655,282.6833
37.89493,0,1.244464,2.80571,317.9775,178.6655,282.6833
37.89817,0,1.244464,2.80571,317.9775,178.6655,282.6833
37.90104,0,1.244464,2.80571,317.9775,178.6655,282.6833
37.90449,0,1.244464,2.80571,317.9775,178.6655,282.6833
37.90772,0,1.244464,2.80571,317.9775,178.6655,282.6833
37.91133,0,1.244464,2.80571,317.9775,178.6655,282.6833
37.91427,0,1.244464,2.80571,317.9775,178.6655,282.6833
37.91726,0,1.244464,2.80571,317.9775,178.6655,282.6833
37.92017,0,1.244464,2.80571,317.9775,178.6655,282.6833
37.92543,0,1.244464,2.80571,317.9775,178.6655,282.6833
37.93159,0,1.244464,2.80571,317.9775,178.6655,282.6833
37.93475,0,1.244464,2.80571,317.9775,178.6655,282.6833
37.93807,0,1.244464,2.80571,317.9775,178.6655,282.6833
37.94182,0,1.244464,2.80571,317.9775,178.6655,282.6833
37.94614,0,1.244464,2.80571,317.9775,178.6655,282.6833
37.94942,0,1.244464,2.80571,317.9775,178.6655,282.6833
37.95243,0,1.244464,2.80571,317.9775,178.6655,282.6833
37.95657,0,1.244464,2.80571,317.9775,178.6655,282.6833
37.96027,0,1.244464,2.80571,317.9775,178.6655,282.6833
37.96364,0,1.244464,2.80571,317.9775,178.6655,282.6833
37.96667,0,1.244464,2.80571,317.9775,178.6655,282.6833
37.96992,0,1.244464,2.80571,317.9775,178.6655,282.6833
37.97397,0,1.244464,2.80571,317.9775,178.6655,282.6833
37.97727,0,1.244464,2.80571,317.9775,178.6655,282.6833
37.98036,0,1.244464,2.80571,318.0501,178.6193,282.6489
37.98421,0,1.244464,2.80571,318.0501,178.6193,282.6489
37.98771,0,1.244464,2.80571,318.0501,178.6193,282.6489
37.99207,0,1.244464,2.80571,318.0501,178.6193,282.6489
37.99616,0,1.244464,2.80571,318.0501,178.6193,282.6489
37.99912,0,1.244464,2.80571,318.0501,178.6193,282.6489
38.00222,0,1.244464,2.80571,318.0507,178.6637,282.6845
38.00726,0,1.244464,2.80571,318.0507,178.6637,282.6845
38.01031,0,1.244464,2.80571,318.0507,178.6637,282.6845
38.01347,0,1.244464,2.80571,318.0507,178.6637,282.6845
38.01661,0,1.244464,2.80571,318.0507,178.6637,282.6845
38.02298,0,1.244464,2.80571,317.9775,178.6655,282.6833
38.03045,0,1.244464,2.80571,317.9775,178.6655,282.6833
38.03325,0,1.244464,2.80571,317.9775,178.6655,282.6833
38.03687,0,1.244464,2.80571,317.9775,178.6655,282.6833
38.04041,0,1.244464,2.80571,317.9775,178.6655,282.6833
38.04432,0,1.244464,2.80571,317.9775,178.6655,282.6833
38.04758,0,1.244464,2.80571,317.9775,178.6655,282.6833
38.05106,0,1.244464,2.80571,317.9775,178.6655,282.6833
38.05657,0,1.244464,2.80571,317.9775,178.6655,282.6833
38.05953,0,1.244464,2.80571,317.9775,178.6655,282.6833
38.06258,0,1.244464,2.80571,318.0501,178.6193,282.6489
38.0666,0,1.244464,2.80571,318.0501,178.6193,282.6489
38.06951,0,1.244464,2.80571,318.0501,178.6193,282.6489
38.07379,0,1.244464,2.80571,318.0501,178.6193,282.6489
38.07924,0,1.244464,2.80571,318.0501,178.6193,282.6489
38.08538,0,1.244464,2.80571,317.9775,178.6655,282.6833
38.08954,0,1.244464,2.80571,317.9775,178.6655,282.6833
38.09241,0,1.244464,2.80571,317.9775,178.6655,282.6833
38.09545,0,1.244464,2.80571,317.9775,178.6655,282.6833
38.09862,0,1.244464,2.80571,317.9775,178.6655,282.6833
38.1017,0,1.244464,2.80571,317.9775,178.6655,282.6833
38.10555,0,1.244464,2.80571,317.9775,178.6655,282.6833
38.10867,0,1.244464,2.80571,317.9775,178.6655,282.6833
38.11215,0,1.244464,2.80571,317.9775,178.6655,282.6833
38.11513,0,1.244464,2.80571,317.9775,178.6655,282.6833
38.11834,0,1.244464,2.80571,317.9775,178.6655,282.6833
38.12185,0,1.244464,2.80571,317.9775,178.6655,282.6833
38.12669,0,1.244464,2.80571,317.9775,178.6655,282.6833
38.13264,0,1.244464,2.80571,317.9775,178.6655,282.6833
38.13581,0,1.244464,2.80571,317.9775,178.6655,282.6833
38.13937,0,1.244464,2.80571,317.9775,178.6655,282.6833
38.14268,0,1.244464,2.80571,318.0507,178.6637,282.6845
38.14631,0,1.244464,2.80571,318.0507,178.6637,282.6845
38.14917,0,1.244464,2.80571,318.0507,178.6637,282.6845
38.15219,0,1.244464,2.80571,318.0507,178.6637,282.6845
38.15563,0,1.244464,2.80571,318.0507,178.6637,282.6845
38.15931,0,1.244464,2.80571,318.0507,178.6637,282.6845
38.1622,0,1.244464,2.80571,317.9775,178.6655,282.61
38.16562,0,1.244464,2.80571,317.9775,178.6655,282.61
38.16871,0,1.244464,2.80571,317.9775,178.6655,282.61
38.17204,0,1.244464,2.80571,317.9775,178.6655,282.61
38.1763,0,1.244464,2.80571,317.9775,178.6655,282.61
38.18009,0,1.244464,2.80571,317.9775,178.6655,282.6833
38.18617,0,1.244464,2.80571,317.9775,178.6655,282.6833
38.19022,0,1.244464,2.80571,317.9775,178.6655,282.6833
38.1932,0,1.244464,2.80571,317.9775,178.6655,282.6833
38.1963,0,1.244464,2.80571,317.9775,178.6655,282.6833
38.19947,0,1.244464,2.80571,317.9775,178.6655,282.6833
38.20243,0,1.244464,2.80571,317.9775,178.6655,282.6833
38.20662,0,1.244464,2.80571,317.9775,178.6655,282.6833
38.20965,0,1.244464,2.80571,317.9775,178.6655,282.6833
38.21285,0,1.244464,2.80571,317.9775,178.6655,282.6833
38.21597,0,1.244464,2.80571,317.9775,178.6655,282.6833
38.21912,0,1.244464,2.80571,317.9775,178.6655,282.6833
38.22249,0,1.244464,2.80571,317.9775,178.6655,282.6833
38.22602,0,1.244464,2.80571,317.9775,178.6655,282.6833
38.22915,0,1.244464,2.80571,317.9775,178.6655,282.6833
38.23213,0,1.244464,2.80571,317.9775,178.6655,282.6833
38.23546,0,1.244464,2.80571,317.9775,178.6655,282.6833
38.23897,0,1.244464,2.80571,317.9775,178.6655,282.6833
38.24176,0,1.244464,2.80571,318.0501,178.6193,282.6489
38.24521,0,1.244464,2.80571,318.0501,178.6193,282.6489
38.24838,0,1.244464,2.80571,318.0501,178.6193,282.6489
38.25219,0,1.244464,2.80571,318.0501,178.6193,282.6489
38.25753,0,1.244464,2.80571,318.0501,178.6193,282.6489
38.26043,0,1.244464,2.80571,317.9775,178.6655,282.6833
38.26378,0,1.244464,2.80571,317.9775,178.6655,282.6833
38.26702,0,1.244464,2.80571,317.9775,178.6655,282.6833
38.27028,0,1.244464,2.80571,317.9775,178.6655,282.6833
38.27452,0,1.244464,2.80571,317.9775,178.6655,282.6833
38.27945,0,1.244464,2.80571,317.9775,178.6655,282.6833
38.28557,0,1.244464,2.80571,318.0507,178.6637,282.6845
38.28969,0,1.244464,2.80571,318.0507,178.6637,282.6845
38.29278,0,1.244464,2.80571,318.0507,178.6637,282.6845
38.29596,0,1.244464,2.80571,318.0507,178.6637,282.6845
38.29914,0,1.244464,2.80571,318.0507,178.6637,282.6845
38.3022,0,1.244464,2.80571,317.9775,178.6655,282.6833
38.30644,0,1.244464,2.80571,317.9775,178.6655,282.6833
38.30944,0,1.244464,2.80571,317.9775,178.6655,282.6833
38.31243,0,1.244464,2.80571,317.9775,178.6655,282.6833
38.31604,0,1.244464,2.80571,317.9775,178.6655,282.6833
38.31908,0,1.244464,2.80571,317.9775,178.6655,282.6833
38.32258,0,1.244464,2.80571,318.0507,178.6637,282.6845
38.32693,0,1.244464,2.80571,318.0507,178.6637,282.6845
38.33301,0,1.244464,2.80571,318.0507,178.6637,282.6845
38.33661,0,1.244464,2.80571,318.0507,178.6637,282.6845
38.3401,0,1.244464,2.80571,317.9769,178.6212,282.6476
38.34362,0,1.244464,2.80571,317.9769,178.6212,282.6476
38.34715,0,1.244464,2.80571,317.9769,178.6212,282.6476
38.34996,0,1.244464,2.80571,317.9769,178.6212,282.6476
38.3528,0,1.244464,2.80571,317.9769,178.6212,282.6476
38.35654,0,1.244464,2.80571,317.9769,178.6212,282.6476
38.35968,0,1.244464,2.80571,317.9769,178.6212,282.6476
38.36281,0,1.244464,2.80571,317.9775,178.6655,282.6833
38.36611,0,1.244464,2.80571,317.9775,178.6655,282.6833
38.36905,0,1.244464,2.80571,317.9775,178.6655,282.6833
38.37226,0,1.244464,2.80571,317.9775,178.6655,282.6833
38.37526,0,1.244464,2.80571,317.9775,178.6655,282.6833
38.37924,0,1.244464,2.80571,317.9775,178.6655,282.6833
38.38211,0,1.244464,2.80571,317.9775,178.6655,282.6833
38.38569,0,1.244464,2.80571,317.9775,178.6655,282.6833
38.38934,0,1.244464,2.80571,317.9775,178.6655,282.6833
38.3938,0,1.244464,2.80571,317.9775,178.6655,282.6833
38.39962,0,1.244464,2.80571,317.9775,178.6655,282.6833
38.40263,0,1.244465,2.80571,318.0501,178.6193,282.6489
38.4066,0,1.244464,2.80571,318.0501,178.6193,282.6489
38.41015,0,1.244464,2.80571,318.0501,178.6193,282.6489
38.41301,0,1.244464,2.80571,318.0501,178.6193,282.6489
38.41587,0,1.244464,2.80571,318.0501,178.6193,282.6489
38.41874,0,1.244464,2.80571,318.0501,178.6193,282.6489
38.4221,0,1.244464,2.80571,317.9775,178.6655,282.6833
38.42634,0,1.244464,2.80571,317.9775,178.6655,282.6833
38.42933,0,1.244464,2.80571,317.9775,178.6655,282.6833
38.43232,0,1.244464,2.80571,317.9775,178.6655,282.6833
38.43529,0,1.244464,2.80571,317.9775,178.6655,282.6833
38.43834,0,1.244464,2.80571,317.9775,178.6655,282.6833
38.44212,0,1.244464,2.80571,317.9775,178.6655,282.6833
38.44566,0,1.244464,2.80571,317.9775,178.6655,282.6833
38.4486,0,1.244464,2.80571,317.9775,178.6655,282.6833
38.45166,0,1.244464,2.80571,317.9775,178.6655,282.6833
38.45498,0,1.244464,2.80571,317.9775,178.6655,282.6833
38.46075,0,1.244464,2.80571,318.0507,178.6637,282.6845
38.4641,0,1.244464,2.80571,318.0507,178.6637,282.6845
38.46706,0,1.244464,2.80571,318.0507,178.6637,282.6845
38.47028,0,1.244464,2.80571,318.0507,178.6637,282.6845
38.47473,0,1.244464,2.80571,318.0507,178.6637,282.6845
38.47814,0,1.244464,2.80571,318.0507,178.6637,282.6845
38.48106,0,1.244464,2.80571,317.9775,178.6655,282.6833
38.48535,0,1.244464,2.80571,317.9775,178.6655,282.6833
38.48994,0,1.244464,2.80571,317.9775,178.6655,282.6833
38.49355,0,1.244464,2.80571,317.9775,178.6655,282.6833
38.4973,0,1.244464,2.80571,317.9775,178.6655,282.6833
38.50072,0,1.244464,2.80571,317.9775,178.6655,282.6833
38.50628,0,1.244464,2.80571,317.9775,178.6655,282.6833
38.51189,0,1.244464,2.80571,317.9775,178.6655,282.6833
38.51513,0,1.244464,2.80571,317.9775,178.6655,282.6833
38.51885,0,1.244464,2.80571,317.9775,178.6655,282.6833
38.5223,0,1.244464,2.80571,317.9769,178.6212,282.6476
38.52582,0,1.244464,2.80571,317.9769,178.6212,282.6476
38.52858,0,1.244464,2.80571,317.9769,178.6212,282.6476
38.53174,0,1.244464,2.80571,317.9769,178.6212,282.6476
38.53568,0,1.244464,2.80571,317.9769,178.6212,282.6476
38.53935,0,1.244464,2.80571,317.9769,178.6212,282.6476
38.54229,0,1.244464,2.80571,317.9775,178.6655,282.6833
38.54583,0,1.244464,2.80571,317.9775,178.6655,282.6833
38.54948,0,1.244464,2.80571,317.9775,178.6655,282.6833
38.55243,0,1.244464,2.80571,317.9775,178.6655,282.6833
38.55572,0,1.244464,2.80571,317.9775,178.6655,282.6833
38.55874,0,1.244464,2.80571,317.9775,178.6655,282.6833
38.56163,0,1.244464,2.80571,317.9775,178.6655,282.6833
38.56574,0,1.244464,2.80571,317.9775,178.6655,282.6833
38.5686,0,1.244464,2.80571,317.9775,178.6655,282.6833
38.5717,0,1.244464,2.80571,317.9775,178.6655,282.6833
38.57469,0,1.244464,2.80571,317.9775,178.6655,282.6833
38.578,0,1.244464,2.80571,317.9775,178.6655,282.6833
38.58149,0,1.244464,2.80571,317.9775,178.6655,282.6833
38.5852,0,1.244464,2.80571,317.9775,178.6655,282.6833
38.58866,0,1.244464,2.80571,317.9775,178.6655,282.6833
38.59172,0,1.244464,2.80571,317.9775,178.6655,282.6833
38.59506,0,1.244464,2.80571,317.9775,178.6655,282.6833
38.59916,0,1.244464,2.80571,317.9775,178.6655,282.6833
38.6048,0,1.244464,2.80571,317.9775,178.6655,282.6833
38.60945,0,1.244464,2.80571,317.9775,178.6655,282.6833
38.61254,0,1.244464,2.80571,317.9775,178.6655,282.6833
38.61553,0,1.244464,2.80571,317.9775,178.6655,282.6833
38.6187,0,1.244464,2.80571,317.9775,178.6655,282.6833
38.62197,0,1.244464,2.80571,318.0501,178.6193,282.6489
38.62587,0,1.244464,2.80571,318.0501,178.6193,282.6489
38.62923,0,1.244464,2.80571,318.0501,178.6193,282.6489
38.6322,0,1.244464,2.80571,318.0501,178.6193,282.6489
38.63517,0,1.244464,2.80571,318.0501,178.6193,282.6489
38.63862,0,1.244464,2.80571,318.0501,178.6193,282.6489
38.6417,0,1.244464,2.80571,318.0507,178.6637,282.6845
38.64529,0,1.244464,2.80571,318.0507,178.6637,282.6845
38.64822,0,1.244464,2.80571,318.0507,178.6637,282.6845
38.65136,0,1.244464,2.80571,318.0507,178.6637,282.6845
38.65463,0,1.244464,2.80571,318.0507,178.6637,282.6845
38.65888,0,1.244464,2.80571,318.0507,178.6637,282.6845
38.66417,0,1.244464,2.80571,317.9775,178.6655,282.6833
38.66774,0,1.244464,2.80571,317.9775,178.6655,282.6833
38.67085,0,1.244464,2.80571,317.9775,178.6655,282.6833
38.67638,0,1.244464,2.80571,317.9775,178.6655,282.6833
38.68895,0,1.244464,2.80571,318.0507,178.6637,282.6845
38.69265,0,1.244464,2.80571,318.0507,178.6637,282.6845
38.6959,0,1.244464,2.80571,318.0507,178.6637,282.6845
38.69901,0,1.244464,2.80571,318.0507,178.6637,282.6845
38.70189,0,1.244464,2.80571,317.9775,178.6655,282.6833
38.70633,0,1.244464,2.80571,317.9775,178.6655,282.6833
38.70908,0,1.244464,2.80571,317.9775,178.6655,282.6833
38.71204,0,1.244464,2.80571,317.9775,178.6655,282.6833
38.71493,0,1.244464,2.80571,317.9775,178.6655,282.6833
38.7181,0,1.244464,2.80571,317.9775,178.6655,282.6833
38.72174,0,1.244464,2.80571,317.9775,178.6655,282.6833
38.72646,0,1.244464,2.80571,317.9775,178.6655,282.6833
38.73038,0,1.244464,2.80571,317.9775,178.6655,282.6833
38.73568,0,1.244464,2.80571,317.9775,178.6655,282.6833
38.73942,0,1.244464,2.80571,317.9775,178.6655,282.6833
38.7424,0,1.244464,2.80571,317.9775,178.6655,282.6833
38.746,0,1.244464,2.80571,317.9775,178.6655,282.6833
38.74891,0,1.244464,2.80571,317.9775,178.6655,282.6833
38.75246,0,1.244464,2.80571,317.9775,178.6655,282.6833
38.75572,0,1.244464,2.80571,317.9775,178.6655,282.6833
38.7588,0,1.244464,2.80571,317.9775,178.6655,282.6833
38.76173,0,1.244464,2.80571,318.0507,178.6637,282.6845
38.76559,0,1.244464,2.80571,318.0507,178.6637,282.6845
38.76879,0,1.244464,2.80571,318.0507,178.6637,282.6845
38.77205,0,1.244464,2.80571,318.0507,178.6637,282.6845
38.77504,0,1.244464,2.80571,318.0507,178.6637,282.6845
38.77828,0,1.244464,2.80571,318.0507,178.6637,282.6845
38.78201,0,1.244464,2.80571,317.9775,178.6655,282.6833
38.78668,0,1.244464,2.80571,317.9775,178.6655,282.6833
38.79265,0,1.244464,2.80571,317.9775,178.6655,282.6833
38.79632,0,1.244464,2.80571,317.9775,178.6655,282.6833
38.79964,0,1.244464,2.80571,317.9775,178.6655,282.6833
38.80275,0,1.244464,2.80571,317.9775,178.6655,282.6833
38.80698,0,1.244464,2.80571,317.9775,178.6655,282.6833
38.81029,0,1.244464,2.80571,317.9775,178.6655,282.6833
38.81377,0,1.244464,2.80571,317.9775,178.6655,282.6833
38.81666,0,1.244464,2.80571,317.9775,178.6655,282.6833
38.81963,0,1.244464,2.80571,317.9775,178.6655,282.6833
38.82322,0,1.244464,2.80571,318.0513,178.7081,282.7202
38.82718,0,1.244464,2.80571,318.0513,178.7081,282.7202
38.83036,0,1.244464,2.80571,318.0513,178.7081,282.7202
38.83366,0,1.244464,2.80571,318.0513,178.7081,282.7202
38.83697,0,1.244464,2.80571,318.0513,178.7081,282.7202
38.84064,0,1.244464,2.80571,317.9775,178.6655,282.6833
38.8453,0,1.244464,2.80571,317.9775,178.6655,282.6833
38.84891,0,1.244464,2.80571,317.9775,178.6655,282.6833
38.85212,0,1.244464,2.80571,317.9775,178.6655,282.6833
38.85506,0,1.244464,2.80571,317.9775,178.6655,282.6833
38.85844,0,1.244464,2.80571,317.9775,178.6655,282.6833
38.86165,0,1.244464,2.80571,317.9775,178.6655,282.6833
38.86787,0,1.244464,2.80571,317.9775,178.6655,282.6833
38.87103,0,1.244464,2.80571,317.9775,178.6655,282.6833
38.87592,0,1.244464,2.80571,317.9775,178.6655,282.6833
38.88049,0,1.244464,2.80571,317.9775,178.6655,282.6833
38.88667,0,1.244464,2.80571,317.9775,178.6655,282.6833
38.89067,0,1.244464,2.80571,317.9775,178.6655,282.6833
38.89353,0,1.244464,2.80571,317.9775,178.6655,282.6833
38.89677,0,1.244464,2.80571,317.9775,178.6655,282.6833
38.89999,0,1.244464,2.80571,317.9775,178.6655,282.6833
38.90322,0,1.244464,2.80571,318.0507,178.6637,282.6845
38.90823,0,1.244464,2.80571,318.0507,178.6637,282.6845
38.91123,0,1.244464,2.80571,318.0507,178.6637,282.6845
38.91452,0,1.244464,2.80571,318.0507,178.6637,282.6845
38.91812,0,1.244464,2.80571,318.0507,178.6637,282.6845
38.92183,0,1.244464,2.80571,317.9775,178.6655,282.6833
38.92686,0,1.244464,2.80571,317.9775,178.6655,282.6833
38.93321,0,1.244464,2.80571,317.9775,178.6655,282.6833
38.9367,0,1.244464,2.80571,317.9775,178.6655,282.6833
38.94116,0,1.244464,2.80571,317.9775,178.6655,282.6833
38.94459,0,1.244464,2.80571,317.9775,178.6655,282.6833
38.94773,0,1.244464,2.80571,317.9775,178.6655,282.6833
38.95103,0,1.244464,2.80571,317.9775,178.6655,282.6833
38.95478,0,1.244464,2.80571,317.9775,178.6655,282.6833
38.95884,0,1.244464,2.80571,317.9775,178.6655,282.6833
38.96183,0,1.244464,2.80571,317.9775,178.6655,282.6833
38.9652,0,1.244464,2.80571,317.9775,178.6655,282.6833
38.96885,0,1.244464,2.80571,317.9775,178.6655,282.6833
38.97274,0,1.244464,2.80571,317.9775,178.6655,282.6833
38.97597,0,1.244464,2.80571,317.9775,178.6655,282.6833
38.97893,0,1.244464,2.80571,317.9775,178.6655,282.6833
38.98188,0,1.244464,2.80571,318.0501,178.6193,282.6489
38.98612,0,1.244464,2.80571,318.0501,178.6193,282.6489
38.99058,0,1.244464,2.80571,318.0501,178.6193,282.6489
38.9963,0,1.244464,2.80571,318.0501,178.6193,282.6489
38.99947,0,1.244464,2.80571,318.0501,178.6193,282.6489
39.00333,0,1.244464,2.80571,317.9775,178.6655,282.6833
39.00773,0,1.244464,2.80571,317.9775,178.6655,282.6833
39.01071,0,1.244464,2.80571,317.9775,178.6655,282.6833
39.01362,0,1.244464,2.80571,317.9775,178.6655,282.6833
39.01715,0,1.244464,2.80571,317.9775,178.6655,282.6833
39.02046,0,1.244464,2.80571,318.0501,178.6193,282.6489
39.02494,0,1.244464,2.80571,318.0501,178.6193,282.6489
39.02789,0,1.244464,2.80571,318.0501,178.6193,282.6489
39.03084,0,1.244464,2.80571,318.0501,178.6193,282.6489
39.03483,0,1.244464,2.80571,318.0501,178.6193,282.6489
39.03814,0,1.244464,2.80571,318.0501,178.6193,282.6489
39.04136,0,1.244464,2.80571,318.0501,178.6193,282.6489
39.04508,0,1.244464,2.80571,318.0501,178.6193,282.6489
39.04881,0,1.244464,2.80571,318.0501,178.6193,282.6489
39.05209,0,1.244464,2.80571,318.0501,178.6193,282.6489
39.05573,0,1.244464,2.80571,318.0501,178.6193,282.6489
39.05904,0,1.244464,2.80571,318.0501,178.6193,282.6489
39.06226,0,1.244464,2.80571,317.9769,178.6212,282.6476
39.0687,0,1.244464,2.80571,317.9769,178.6212,282.6476
39.07248,0,1.244464,2.80571,317.9769,178.6212,282.6476
39.07784,0,1.244464,2.80571,317.9769,178.6212,282.6476
39.08319,0,1.244464,2.80571,317.9775,178.6655,282.6833
39.0883,0,1.244464,2.80571,317.9775,178.6655,282.6833
39.09144,0,1.244464,2.80571,317.9775,178.6655,282.6833
39.09446,0,1.244464,2.80571,317.9775,178.6655,282.6833
39.09804,0,1.244464,2.80571,317.9775,178.6655,282.6833
39.10118,0,1.244464,2.80571,318.0507,178.6637,282.6845
39.10503,0,1.244464,2.80571,318.0507,178.6637,282.6845
39.10888,0,1.244464,2.80571,318.0507,178.6637,282.6845
39.11258,0,1.244464,2.80571,318.0507,178.6637,282.6845
39.1158,0,1.244464,2.80571,318.0507,178.6637,282.6845
39.11861,0,1.244464,2.80571,318.0507,178.6637,282.6845
39.12188,0,1.244465,2.80571,317.9775,178.6655,282.6833
39.12732,0,1.244464,2.80571,317.9775,178.6655,282.6833
39.13332,0,1.244464,2.80571,317.9775,178.6655,282.6833
39.1364,0,1.244464,2.80571,317.9775,178.6655,282.6833
39.14008,0,1.244464,2.80571,317.9769,178.6212,282.6476
39.14444,0,1.244464,2.80571,317.9769,178.6212,282.6476
39.14782,0,1.244464,2.80571,317.9769,178.6212,282.6476
39.15091,0,1.244464,2.80571,317.9769,178.6212,282.6476
39.15385,0,1.244464,2.80571,317.9769,178.6212,282.6476
39.1581,0,1.244464,2.80571,317.9769,178.6212,282.6476
39.16139,0,1.244464,2.80571,317.9775,178.6655,282.6833
39.16503,0,1.244464,2.80571,317.9775,178.6655,282.6833
39.16809,0,1.244464,2.80571,317.9775,178.6655,282.6833
39.17091,0,1.244464,2.80571,317.9775,178.6655,282.6833
39.17514,0,1.244464,2.80571,317.9775,178.6655,282.6833
39.17893,0,1.244464,2.80571,317.9775,178.6655,282.6833
39.18217,0,1.244464,2.80571,317.9775,178.6655,282.6833
39.1859,0,1.244464,2.80571,317.9775,178.6655,282.6833
39.19017,0,1.244464,2.80571,317.9775,178.6655,282.6833
39.19444,0,1.244464,2.80571,317.9775,178.6655,282.6833
39.19998,0,1.244464,2.80571,317.9775,178.6655,282.6833
39.20298,0,1.244464,2.80571,318.0507,178.6637,282.6845
39.20734,0,1.244464,2.80571,318.0507,178.6637,282.6845
39.21045,0,1.244464,2.80571,318.0507,178.6637,282.6845
39.21378,0,1.244464,2.80571,318.0507,178.6637,282.6845
39.21723,0,1.244464,2.80571,318.0507,178.6637,282.6845
39.2205,0,1.244464,2.80571,317.9775,178.6655,282.6833
39.22483,0,1.244464,2.80571,317.9775,178.6655,282.6833
39.22781,0,1.244464,2.80571,317.9775,178.6655,282.6833
39.2308,0,1.244464,2.80571,317.9775,178.6655,282.6833
39.23426,0,1.244464,2.80571,317.9775,178.6655,282.6833
39.23808,0,1.244464,2.80571,317.9775,178.6655,282.6833
39.24137,0,1.244464,2.80571,317.9775,178.6655,282.6833
39.24471,0,1.244464,2.80571,317.9775,178.6655,282.6833
39.24787,0,1.244464,2.80571,317.9775,178.6655,282.6833
39.25091,0,1.244464,2.80571,317.9775,178.6655,282.6833
39.25495,0,1.244464,2.80571,317.9775,178.6655,282.6833
39.25818,0,1.244464,2.80571,317.9775,178.6655,282.6833
39.26142,0,1.244464,2.80571,318.0501,178.6193,282.6489
39.26526,0,1.244464,2.80571,318.0501,178.6193,282.6489
39.27119,0,1.244464,2.80571,318.0501,178.6193,282.6489
39.27665,0,1.244464,2.80571,318.0501,178.6193,282.6489
39.28046,0,1.244464,2.80571,317.9781,178.7099,282.719
39.28714,0,1.244464,2.80571,317.9781,178.7099,282.719
39.29095,0,1.244464,2.80571,317.9781,178.7099,282.719
39.29426,0,1.244464,2.80571,317.9781,178.7099,282.719
39.29771,0,1.244464,2.80571,317.9781,178.7099,282.719
39.30104,0,1.244464,2.80571,317.9775,178.6655,282.6833
39.30475,0,1.244464,2.80571,317.9775,178.6655,282.6833
39.30833,0,1.244464,2.80571,317.9775,178.6655,282.6833
39.31133,0,1.244464,2.80571,317.9775,178.6655,282.6833
39.31449,0,1.244464,2.80571,317.9775,178.6655,282.6833
39.31846,0,1.244464,2.80571,317.9775,178.6655,282.6833
